<?xml version="1.0"?><!DOCTYPE app_pref [
<!ELEMENT notifiacations (#PCDATA)>
<!ELEMENT folder_sync (#PCDATA)>
<!ELEMENT out_of_office (#PCDATA)>
<!ELEMENT signature (#PCDATA)>
<!ELEMENT preview (#PCDATA)>
<!ELEMENT html_Email (#PCDATA)>
<!ELEMENT Notes_ID_Preview (#PCDATA)>
<!ELEMENT first_day_of_week (#PCDATA)>
<!ELEMENT first_week_of_year (#PCDATA)>
<!ELEMENT calendar (first_day_of_week,first_week_of_year)>
<!ELEMENT native_contacts_sync (#PCDATA)>
<!ELEMENT contacts (native_contacts_sync)>
<!ATTLIST contacts show_all CDATA #REQUIRED>
<!ELEMENT connected (#PCDATA)>
<!ELEMENT persistent_mode (#PCDATA)>
<!ELEMENT lock (#PCDATA)>
<!ELEMENT quit (#PCDATA)>
<!ELEMENT password (#PCDATA)>
<!ELEMENT application_font_size (#PCDATA)>
<!ELEMENT notifications (#PCDATA)>
<!ELEMENT general (connected,persistent_mode,lock,quit,password,application_font_size,(notifiacations)?,(notifications)?,about)>
<!ELEMENT email (#PCDATA|folder_sync|out_of_office|signature|preview|html_Email|Notes_ID_Preview)*>
<!ELEMENT time_zone (#PCDATA)>
<!ELEMENT account (email,time_zone)>
<!ATTLIST account 
	language CDATA #REQUIRED
	mobile_verification CDATA #REQUIRED>
<!ELEMENT font_size (#PCDATA)>
<!ELEMENT Pictures (#PCDATA)>
<!ELEMENT Keyboard (#PCDATA)>
<!ELEMENT chat_history (#PCDATA)>
<!ELEMENT chats (font_size,Pictures,Keyboard,(chat_history)+)>
<!ATTLIST chats available CDATA #REQUIRED>
<!ELEMENT status (#PCDATA)>
<!ELEMENT ping_priority (#PCDATA)>
<!ELEMENT Notifications (status,ping_priority)>
<!ATTLIST Notifications status CDATA #REQUIRED>
<!ELEMENT licences (#PCDATA)>
<!ELEMENT policy (#PCDATA)>
<!ELEMENT terms (#PCDATA)>
<!ELEMENT legal (licences,policy,terms)>
<!ELEMENT search_engine (#PCDATA)>
<!ELEMENT fill_forms (#PCDATA)>
<!ELEMENT save_passwords (#PCDATA)>
<!ELEMENT homepage (#PCDATA)>
<!ELEMENT Basics (search_engine,fill_forms,save_passwords,homepage)>
<!ELEMENT Privacy (#PCDATA)>
<!ELEMENT accessibility (#PCDATA)>
<!ELEMENT Site_settings (#PCDATA)>
<!ELEMENT data_saver (#PCDATA)>
<!ELEMENT advanced ((Privacy)+,accessibility,Site_settings,data_saver)>
<!ELEMENT application_version (#PCDATA)>
<!ELEMENT Operating_system (#PCDATA)>
<!ELEMENT Legal_information (#PCDATA)>
<!ELEMENT about (#PCDATA|application_version|Operating_system|Legal_information)*>
<!ELEMENT data_usage (#PCDATA)>
<!ELEMENT data_limit (#PCDATA)>
<!ELEMENT data_status (#PCDATA)>
<!ELEMENT data (data_usage,data_limit,data_status)>
<!ATTLIST data 
	low_data_usage CDATA #REQUIRED
	roam_data CDATA #REQUIRED>
<!ELEMENT app (email,calendar,contacts,general,account,chats,Notifications,legal,Basics,advanced,about,data)>
<!ATTLIST app 
	ID CDATA #REQUIRED
	cookies CDATA #REQUIRED
	javascript CDATA #REQUIRED>
<!ELEMENT app_pref (app)+>
]>   
<app_pref>
    <app ID="3411" cookies="on" javascript="on">
        <email>
            <folder_sync>Choose folders to synchronize</folder_sync>
            <out_of_office>Not activated</out_of_office>
            <signature>Edit email signature settings</signature>
            <preview>Show message snippet</preview>
            <html_Email>Show email in HTML format</html_Email>
            <Notes_ID_Preview>Set password for encrypted messages</Notes_ID_Preview>
        </email>
        <calendar>
            <first_day_of_week>Monday</first_day_of_week>
            <first_week_of_year>First 4 day week</first_week_of_year>
        </calendar>
        <contacts show_all="on">
            <native_contacts_sync>Sync main contacts to "Good for Enterprise" group in Android contacts</native_contacts_sync>
        </contacts>
        <general>
            <connected>Since 18 April 2017</connected>
            <persistent_mode>Improves application uptime while running in background</persistent_mode>
            <lock>Lock application</lock>
            <quit>Exit and shut down Good for Enterprise</quit>
            <password>Change password settings</password>
            <application_font_size>16</application_font_size>
            <notifiacations>Change notifications settings</notifiacations>
            <about>About Good for Enterprise</about>
        </general>
        <account language="English" mobile_verification="on">
            <email>giatee2@gmail.com</email>
            <time_zone>Show my country and time</time_zone>
        </account>
        <chats available="online">
            <font_size>Select font size</font_size>
            <Pictures>Display pictures in chats</Pictures>
            <Keyboard>Always show keyboard</Keyboard>
            <chat_history>Automatically save your chat history</chat_history>
            <chat_history>Delete chat history</chat_history>
        </chats>
        <Notifications status="Ring out">
            <status>on</status>
            <ping_priority>on</ping_priority>
        </Notifications>
        <legal>
            <licences>Open source Licences</licences>
            <policy>Privacy policy</policy>
            <terms>Terms of Service</terms>
        </legal>
        <Basics>
            <search_engine>Google</search_engine>
            <fill_forms>Automatically On</fill_forms>
            <save_passwords>On/Off</save_passwords>
            <homepage>On/Off</homepage>
        </Basics>
        <advanced>
            <Privacy>Navigation error suggestions</Privacy>
            <Privacy>Search and URL suggestions</Privacy>
            <Privacy>Security incidents</Privacy>
            <Privacy>Safe browsing</Privacy>
            <Privacy>Usage and crash reports</Privacy>
            <Privacy>Clear browsing data</Privacy>
            <accessibility>Text scaling</accessibility>
            <Site_settings>All sites,Cookies,Location,Cammera,Microphone,Notifications</Site_settings>
            <data_saver>On/Off</data_saver>
        </advanced>
        <about>
            <application_version>V 7.1</application_version>
            <Operating_system>Android 7.0</Operating_system>
            <Legal_information>Copyright 2016 inc.All rights reserved</Legal_information>
        </about>
        <data low_data_usage="on" roam_data="off">
            <data_usage>5gb</data_usage>
            <data_limit>10gb</data_limit>
            <data_status>Active</data_status>
        </data>
    </app>
    <app ID="3413" cookies="on" javascript="on">
        <email>
            <folder_sync>synchronize all</folder_sync>
            <out_of_office>activated</out_of_office>
            <signature>signature settings</signature>
            <preview>Show message</preview>
            <html_Email>email in HTML format</html_Email>
            <Notes_ID_Preview>Set password</Notes_ID_Preview>
        </email>
        <calendar>
            <first_day_of_week>Sunday</first_day_of_week>
            <first_week_of_year>First 3 days week</first_week_of_year>
        </calendar>
        <contacts show_all="on">
            <native_contacts_sync>Sync main contacts</native_contacts_sync>
        </contacts>
        <general>
            <connected>Since 20 April 2016</connected>
            <persistent_mode>Improves application uptime</persistent_mode>
            <lock>Lock</lock>
            <quit>Exit</quit>
            <password>Change settings</password>
            <application_font_size>18</application_font_size>
            <notifiacations>Change</notifiacations>
            <about>About</about>
        </general>
        <account language="English" mobile_verification="on">
            <email>goatee1@gmail.com</email>
            <time_zone>country and time</time_zone>
        </account>
        <chats available="online">
            <font_size>Select size</font_size>
            <Pictures>Display in chats</Pictures>
            <Keyboard>Always show</Keyboard>
            <chat_history>Automatically save</chat_history>
            <chat_history>Delete history</chat_history>
        </chats>
        <Notifications status="Ring out">
            <status>on</status>
            <ping_priority>high</ping_priority>
        </Notifications>
        <legal>
            <licences>Open source</licences>
            <policy>Privacy</policy>
            <terms>Terms and conditions</terms>
        </legal>
        <Basics>
            <search_engine>Internet explorer</search_engine>
            <fill_forms>On</fill_forms>
            <save_passwords>On</save_passwords>
            <homepage>On/Off</homepage>
        </Basics>
        <advanced>
            <Privacy>Navigation suggestions</Privacy>
            <Privacy>URL suggestions</Privacy>
            <Privacy>Security incidents</Privacy>
            <Privacy>Safe browsing on</Privacy>
            <Privacy>crash reports</Privacy>
            <Privacy>Clear  data</Privacy>
            <accessibility>Text scale</accessibility>
            <Site_settings>All sites,Cookies,Location,Notifications</Site_settings>
            <data_saver>On</data_saver>
        </advanced>
        <about>
            <application_version>Internet explorer 9</application_version>
            <Operating_system>Android 6.0</Operating_system>
            <Legal_information>Copyright 2017 Microsoft inc.All rights reserved</Legal_information>
        </about>
        <data low_data_usage="on" roam_data="off">
            <data_usage>2gb</data_usage>
            <data_limit>10gb</data_limit>
            <data_status>Active</data_status>
        </data>
    </app>
    <app ID="3416" cookies="on" javascript="on">
        <email>
            <folder_sync>Choose folders to update</folder_sync>
            <out_of_office>Not supported</out_of_office>
            <signature>Edit signature</signature>
            <preview>Show snippet</preview>
            <html_Email>Show in HTML form</html_Email>
            <Notes_ID_Preview>Set password of multiple characters</Notes_ID_Preview>
        </email>
        <calendar>
            <first_day_of_week>Tuesday</first_day_of_week>
            <first_week_of_year>First 5 day week</first_week_of_year>
        </calendar>
        <contacts show_all="on">
            <native_contacts_sync>Sync all contacts </native_contacts_sync>
        </contacts>
        <general>
            <connected>Since 22 April 2017</connected>
            <persistent_mode>Run in background</persistent_mode>
            <lock>Always</lock>
            <quit>shut down application</quit>
            <password>Change password settings</password>
            <application_font_size>20</application_font_size>
            <notifications>Make changes</notifications>
            <about>About</about>
        </general>
        <account language="English" mobile_verification="on">
            <email>gladin3@gmail.com</email>
            <time_zone>My local time</time_zone>
        </account>
        <chats available="online">
            <font_size>Change font size</font_size>
            <Pictures>Allow pictures in chats</Pictures>
            <Keyboard>Ask to show keyboard</Keyboard>
            <chat_history>Set to save your chat history</chat_history>
            <chat_history>Ask to delete chat history</chat_history>
        </chats>
        <Notifications status="Ring out">
            <status>on</status>
            <ping_priority>Medium</ping_priority>
        </Notifications>
        <legal>
            <licences>Open Licences</licences>
            <policy>Rseserved rights</policy>
            <terms>Terms of Service</terms>
        </legal>
        <Basics>
            <search_engine>Bing</search_engine>
            <fill_forms>Manual set On</fill_forms>
            <save_passwords>Yes</save_passwords>
            <homepage>On/Off</homepage>
        </Basics>
        <advanced>
            <Privacy>Navigation suggestions</Privacy>
            <Privacy>Search suggestions</Privacy>
            <Privacy>Security incidents</Privacy>
            <Privacy>Safe browsing yes/no</Privacy>
            <Privacy>Usage crash reports</Privacy>
            <Privacy>Clear browsing data yes/no</Privacy>
            <accessibility>Text zooming/scaling</accessibility>
            <Site_settings>All sites,Cookies,Location,Cammera,Microphone,Notifications</Site_settings>
            <data_saver>Automatically On</data_saver>
        </advanced>
        <about>
            <application_version>Firefox 3.1</application_version>
            <Operating_system>Android 6.1</Operating_system>
            <Legal_information>Copyright 2017 inc.All rights reserved</Legal_information>
        </about>
        <data low_data_usage="on" roam_data="off">
            <data_usage>9gb</data_usage>
            <data_limit>10gb</data_limit>
            <data_status>Warning</data_status>
        </data>
    </app>
    <app ID="3411" cookies="on" javascript="on">
        <email>
            <folder_sync>Choose folders</folder_sync>
            <out_of_office>Activated</out_of_office>
            <signature>Edit</signature>
            <preview>Show snippet</preview>
            <html_Email>Show  HTML version</html_Email>
            <Notes_ID_Preview>Set password for encrypted messages</Notes_ID_Preview>
        </email>
        <calendar>
            <first_day_of_week>Monday</first_day_of_week>
            <first_week_of_year>First day week</first_week_of_year>
        </calendar>
        <contacts show_all="on">
            <native_contacts_sync>Sync contacts</native_contacts_sync>
        </contacts>
        <general>
            <connected>Since 18 May 2018</connected>
            <persistent_mode>Improves uptime session</persistent_mode>
            <lock>Set on/off</lock>
            <quit>Close</quit>
            <password>Set new</password>
            <application_font_size>16</application_font_size>
            <notifications>Edit notifications settings</notifications>
            <about>About</about>
        </general>
        <account language="English" mobile_verification="on">
            <email>lolam@gmail.com</email>
            <time_zone>Show</time_zone>
        </account>
        <chats available="online">
            <font_size>Select</font_size>
            <Pictures>Always show</Pictures>
            <Keyboard>Always show</Keyboard>
            <chat_history>Automatically save</chat_history>
            <chat_history>Delete</chat_history>
        </chats>
        <Notifications status="Ring out">
            <status>on</status>
            <ping_priority>Set low/high/medium</ping_priority>
        </Notifications>
        <legal>
            <licences>Open Licence</licences>
            <policy>Privacy policy</policy>
            <terms>Terms of use</terms>
        </legal>
        <Basics>
            <search_engine>Google</search_engine>
            <fill_forms>Automatically On</fill_forms>
            <save_passwords>Off</save_passwords>
            <homepage>Off</homepage>
        </Basics>
        <advanced>
            <Privacy>Navigation error suggestions</Privacy>
            <Privacy>Search suggestions</Privacy>
            <Privacy>Security incidence</Privacy>
            <Privacy>Safe browsing yes</Privacy>
            <Privacy>Usage and crash reports send</Privacy>
            <Privacy>Clear browsing data</Privacy>
            <accessibility>Text scale set</accessibility>
            <Site_settings>All sites,Cookies,Location,Cammera,Microphone,Notifications</Site_settings>
            <data_saver>On/no</data_saver>
        </advanced>
        <about>
            <application_version> V 2.1.1</application_version>
            <Operating_system>Android 7.0</Operating_system>
            <Legal_information>Copyright 2017 Google inc.All rights reserved</Legal_information>
        </about>
        <data low_data_usage="on" roam_data="off">
            <data_usage>5gb</data_usage>
            <data_limit>10gb</data_limit>
            <data_status>Active</data_status>
        </data>
    </app>
    <app ID="3418" cookies="on" javascript="on">
        <email>
            <folder_sync>Synchronize all subscribed folders</folder_sync>
            <out_of_office>Inactive</out_of_office>
            <signature>On</signature>
            <preview>Show all messages</preview>
            <html_Email>Display email in HTML form</html_Email>
            <Notes_ID_Preview>Set password</Notes_ID_Preview>
        </email>
        <calendar>
            <first_day_of_week>Friday</first_day_of_week>
            <first_week_of_year>First week</first_week_of_year>
        </calendar>
        <contacts show_all="on">
            <native_contacts_sync>Sync main contacts in Android</native_contacts_sync>
        </contacts>
        <general>
            <connected>Since 25 June 2017</connected>
            <persistent_mode>Always run in background</persistent_mode>
            <lock>Lock application yes/no</lock>
            <quit>Exit</quit>
            <password>Change password</password>
            <application_font_size>13</application_font_size>
            <notifications>Make changes</notifications>
            <about>About us</about>
        </general>
        <account language="English" mobile_verification="on">
            <email>loatin21@gmail.com</email>
            <time_zone>Current time zone</time_zone>
        </account>
        <chats available="online">
            <font_size>Make changes</font_size>
            <Pictures>Always Display in thread</Pictures>
            <Keyboard>Prompt to show keyboard</Keyboard>
            <chat_history>Automatically save your chat history</chat_history>
            <chat_history>Delete chat history always</chat_history>
        </chats>
        <Notifications status="Ring out">
            <status>on</status>
            <ping_priority>on</ping_priority>
        </Notifications>
        <legal>
            <licences>source Licences</licences>
            <policy>policy</policy>
            <terms>Terms</terms>
        </legal>
        <Basics>
            <search_engine>Firefox</search_engine>
            <fill_forms>Automatically off</fill_forms>
            <save_passwords>On</save_passwords>
            <homepage>Off</homepage>
        </Basics>
        <advanced>
            <Privacy>suggestions</Privacy>
            <Privacy>suggestions given</Privacy>
            <Privacy>Related Security incidents</Privacy>
            <Privacy>Safe browsing always on</Privacy>
            <Privacy>Usage and crash reports sending</Privacy>
            <Privacy>Clear browsing data after some time</Privacy>
            <accessibility>scale to fit</accessibility>
            <Site_settings>All sites,Cookies,Location,Cammera,Microphone,Notifications</Site_settings>
            <data_saver>On</data_saver>
        </advanced>
        <about>
            <application_version>Version 6.1.1</application_version>
            <Operating_system>Android 7.0</Operating_system>
            <Legal_information>Copyright 2017 inc.All rights reserved</Legal_information>
        </about>
        <data low_data_usage="on" roam_data="off">
            <data_usage>7gb</data_usage>
            <data_limit>10gb</data_limit>
            <data_status>Warning</data_status>
        </data>
    </app>
</app_pref>