<xs:schema attributeFormDefault="unqualified" elementFormDefault="qualified" xmlns:xs="http://www.w3.org/2001/XMLSchema">
  <xs:element name="app_pref">
    <xs:complexType>
      <xs:sequence>
        <xs:element name="app" maxOccurs="unbounded" minOccurs="0">
          <xs:complexType>
            <xs:sequence>
              <xs:element name="email">
                <xs:complexType>
                  <xs:sequence>
                    <xs:element type="xs:string" name="folder_sync"/>
                    <xs:element type="xs:string" name="out_of_office"/>
                    <xs:element type="xs:string" name="signature"/>
                    <xs:element type="xs:string" name="preview"/>
                    <xs:element type="xs:string" name="html_Email"/>
                    <xs:element type="xs:string" name="Notes_ID_Preview"/>
                  </xs:sequence>
                </xs:complexType>
              </xs:element>
              <xs:element name="calendar">
                <xs:complexType>
                  <xs:sequence>
                    <xs:element type="xs:string" name="first_day_of_week"/>
                    <xs:element type="xs:string" name="first_week_of_year"/>
                  </xs:sequence>
                </xs:complexType>
              </xs:element>
              <xs:element name="contacts">
                <xs:complexType>
                  <xs:sequence>
                    <xs:element type="xs:string" name="native_contacts_sync"/>
                  </xs:sequence>
                  <xs:attribute type="xs:string" name="show_all" use="optional"/>
                </xs:complexType>
              </xs:element>
              <xs:element name="general">
                <xs:complexType>
                  <xs:sequence>
                    <xs:element type="xs:string" name="connected"/>
                    <xs:element type="xs:string" name="persistent_mode"/>
                    <xs:element type="xs:string" name="lock"/>
                    <xs:element type="xs:string" name="quit"/>
                    <xs:element type="xs:string" name="password"/>
                    <xs:element type="xs:byte" name="application_font_size"/>
                    <xs:element type="xs:string" name="notifiacations" minOccurs="0"/>
                    <xs:element type="xs:string" name="notifications" minOccurs="0"/>
                    <xs:element type="xs:string" name="about"/>
                  </xs:sequence>
                </xs:complexType>
              </xs:element>
              <xs:element name="account">
                <xs:complexType>
                  <xs:sequence>
                    <xs:element type="xs:string" name="email"/>
                    <xs:element type="xs:string" name="time_zone"/>
                  </xs:sequence>
                  <xs:attribute type="xs:string" name="language" use="optional"/>
                  <xs:attribute type="xs:string" name="mobile_verification" use="optional"/>
                </xs:complexType>
              </xs:element>
              <xs:element name="chats">
                <xs:complexType>
                  <xs:sequence>
                    <xs:element type="xs:string" name="font_size"/>
                    <xs:element type="xs:string" name="Pictures"/>
                    <xs:element type="xs:string" name="Keyboard"/>
                    <xs:element type="xs:string" name="chat_history" maxOccurs="unbounded" minOccurs="0"/>
                  </xs:sequence>
                  <xs:attribute type="xs:string" name="available" use="optional"/>
                </xs:complexType>
              </xs:element>
              <xs:element name="Notifications">
                <xs:complexType>
                  <xs:sequence>
                    <xs:element type="xs:string" name="status"/>
                    <xs:element type="xs:string" name="ping_priority"/>
                  </xs:sequence>
                  <xs:attribute type="xs:string" name="status" use="optional"/>
                </xs:complexType>
              </xs:element>
              <xs:element name="legal">
                <xs:complexType>
                  <xs:sequence>
                    <xs:element type="xs:string" name="licences"/>
                    <xs:element type="xs:string" name="policy"/>
                    <xs:element type="xs:string" name="terms"/>
                  </xs:sequence>
                </xs:complexType>
              </xs:element>
              <xs:element name="Basics">
                <xs:complexType>
                  <xs:sequence>
                    <xs:element type="xs:string" name="search_engine"/>
                    <xs:element type="xs:string" name="fill_forms"/>
                    <xs:element type="xs:string" name="save_passwords"/>
                    <xs:element type="xs:string" name="homepage"/>
                  </xs:sequence>
                </xs:complexType>
              </xs:element>
              <xs:element name="advanced">
                <xs:complexType>
                  <xs:sequence>
                    <xs:element type="xs:string" name="Privacy" maxOccurs="unbounded" minOccurs="0"/>
                    <xs:element type="xs:string" name="accessibility"/>
                    <xs:element type="xs:string" name="Site_settings"/>
                    <xs:element type="xs:string" name="data_saver"/>
                  </xs:sequence>
                </xs:complexType>
              </xs:element>
              <xs:element name="about">
                <xs:complexType>
                  <xs:sequence>
                    <xs:element type="xs:string" name="application_version"/>
                    <xs:element type="xs:string" name="Operating_system"/>
                    <xs:element type="xs:string" name="Legal_information"/>
                  </xs:sequence>
                </xs:complexType>
              </xs:element>
              <xs:element name="data">
                <xs:complexType>
                  <xs:sequence>
                    <xs:element type="xs:string" name="data_usage"/>
                    <xs:element type="xs:string" name="data_limit"/>
                    <xs:element type="xs:string" name="data_status"/>
                  </xs:sequence>
                  <xs:attribute type="xs:string" name="low_data_usage" use="optional"/>
                  <xs:attribute type="xs:string" name="roam_data" use="optional"/>
                </xs:complexType>
              </xs:element>
            </xs:sequence>
            <xs:attribute type="xs:short" name="ID" use="optional"/>
            <xs:attribute type="xs:string" name="cookies" use="optional"/>
            <xs:attribute type="xs:string" name="javascript" use="optional"/>
          </xs:complexType>
        </xs:element>
      </xs:sequence>
    </xs:complexType>
  </xs:element>
</xs:schema>